model,features,best_params,overall_accuracy,overall_precision,overall_recall,overall_f1,accuracy_class_interruption,precision_class_interruption,recall_class_interruption,f1_score_class_interruption,accuracy_class_no stress,precision_class_no stress,recall_class_no stress,f1_score_class_no stress,accuracy_class_time pressure,precision_class_time pressure,recall_class_time pressure,f1_score_class_time pressure
KNN,"['MEAN_RR', 'MEDIAN_RR']",{'n_neighbors': 3},0.8612580299377441,0.8498437522576601,0.8489272108822915,0.8493568919508999,0.8213376336784927,0.8094521120869929,0.8213376336784927,0.8153515608543626,0.891100279808647,0.8941671950004528,0.891100279808647,0.8926311030741412,0.8343437191597349,0.8459119496855346,0.8343437191597349,0.8400880119241961
KNN,"['MEAN_RR', 'MEDIAN_RR', 'SDRR', 'RMSSD', 'SDSD', 'SDRR_RMSSD', 'HR']",{'n_neighbors': 1},0.9997562766075134,0.999796561101134,0.9997700756306078,0.9997833152865101,0.9994907485995587,0.999660441426146,0.9994907485995587,0.9995755878108818,0.9998194782922647,0.9997292418772563,0.9998194782922647,0.9997743580486483,1.0,1.0,1.0,1.0
