model,features,best_params,overall_accuracy,overall_precision,overall_recall,overall_f1,accuracy_class_interruption,precision_class_interruption,recall_class_interruption,f1_score_class_interruption,accuracy_class_no stress,precision_class_no stress,recall_class_no stress,f1_score_class_no stress,accuracy_class_time pressure,precision_class_time pressure,recall_class_time pressure,f1_score_class_time pressure
XGBoost,"['MEAN_RR', 'MEDIAN_RR']","{'tree_method': 'hist', 'n_estimators': 200, 'learning_rate': 0.2, 'device': 'cuda'}",0.7718909382820129,0.7543620278613221,0.7241305471325941,0.7367989692908624,0.6501442878967917,0.7447739426349052,0.6501442878967917,0.6942493315810938,0.8772452387399585,0.7962477470096674,0.8772452387399585,0.8347863431393601,0.645002114761032,0.7220643939393939,0.645002114761032,0.6813612331521335
XGBoost,"['MEAN_RR', 'MEDIAN_RR', 'SDRR', 'RMSSD', 'SDSD', 'SDRR_RMSSD', 'HR']","{'tree_method': 'hist', 'n_estimators': 200, 'learning_rate': 0.2, 'device': 'cuda'}",0.9918602108955383,0.9911354616394998,0.9912371619482436,0.9911859957324113,0.9895603462909524,0.9878834095915946,0.9895603462909524,0.9887211668928088,0.9934560880945934,0.9941290701350314,0.9934560880945934,0.993792465181373,0.9906950514591851,0.9913939051918735,0.9906950514591851,0.9910443551230519
